﻿<?xml version="1.0" encoding="utf-8" ?>

<Advertisements>
  <Ad>
    <ImageUrl>/Images/DoubleDekar.jpg</ImageUrl>
    <NavigateUrl>http://Shree.com</NavigateUrl>
    <AlternateText>Microsoft Development</AlternateText>
    <Impressions>2</Impressions>
    <Caption>This is the caption for Ad#1</Caption>
  </Ad>
 <!--  <Ad>    
    <ImageUrl>/Images/banner2.jpg</ImageUrl>
    <NavigateUrl>http://Shree.com</NavigateUrl>
    <AlternateText>Microsoft Development</AlternateText>
    <Impressions>2</Impressions>
    <Caption>This is the caption for Ad#1</Caption>
  </Ad>
  <Ad>
    <ImageUrl>/images/banner3.jpg</ImageUrl>
    <NavigateUrl>http://Shree.com</NavigateUrl>
    <AlternateText>Mobile Development</AlternateText>
    <Impressions>2</Impressions>
    <Caption>This is the caption for Ad#1</Caption>
  </Ad>
  <Ad>
    <ImageUrl>/images/banner4.jpg</ImageUrl>
    <NavigateUrl>http://Shree.com</NavigateUrl>
    <AlternateText>Service Delivery Models</AlternateText>
    <Impressions>2</Impressions>
  </Ad>
  <Ad>
    <ImageUrl>/images/banner5.jpg</ImageUrl>
    <NavigateUrl>http://Shree.com</NavigateUrl>
    <AlternateText>Software Development</AlternateText>
    <Impressions>2</Impressions>
  </Ad>
  <Ad>
    <ImageUrl>/images/banner6.jpg</ImageUrl>
    <NavigateUrl>http://Shree.com</NavigateUrl>
    <AlternateText>Infrastructure Management</AlternateText>
    <Impressions>2</Impressions>
  </Ad>
  --> 
</Advertisements>